DXhOjhoiHhd	https://scontent-mad2-1.cdninstagram.com/o1/v/t2/f2/m367/AQOs4kDRv7VDJJ8Pl_eCQji2UUyvG-VdrIOvhJh6xrmiqxAUAN_rvgBLG3Riitzogm7d8bxIIqmHIhGfdQ2h3tlxj0braV6gDqHdRq8.mp4?_nc_cat=110&_nc_sid=9ca052&_nc_ht=scontent-mad2-1.cdninstagram.com&_nc_ohc=ylUHJ3y35xIQ7kNvwGFbE84&efg=eyJ2ZW5jb2RlX3RhZyI6ImlnLXhwdmRzLmNsaXBzLmMyLUMzLmRhc2hfcjJldmV2cDktcjFnZW4ydnA5X3E5MCIsInZpZGVvX2lkIjpudWxsLCJvaWxfdXJsZ2VuX2FwcF9pZCI6OTM2NjE5NzQzMzkyNDU5LCJjbGllbnRfbmFtZSI6ImlnIiwieHB2X2Fzc2V0X2lkIjoxNzk0MTc3NjQ1MDE5OTI2NSwiYXNzZXRfYWdlX2RheXMiOjE2NCwidmlfdXNlY2FzZV9pZCI6MTAwOTksImR1cmF0aW9uX3MiOjYsImJpdHJhdGUiOjIyOTAzNTgsInVybGdlbl9zb3VyY2UiOiJ3d3cifQ%3D%3D&ccb=17-1&_nc_gid=2he0LKbLilcsc56NuU0hPQ&_nc_ss=7a22e&_nc_zt=28&oh=00_AQMFzeV4mwiimGDdrFF7BoAZRQp8US9LZx2qZiNgwb-bJw&oe=6ACAA71F
DXjkXN3iIwK	https://scontent-nrt1-2.cdninstagram.com/o1/v/t2/f2/m86/AQPbF9MorFbtDkDbndnPq06T-lPWLJPOF1q-xPy0cOGoqV8rnQ7j6mjioGKMWoRYZ61Obt29b6xzINhf_7_rCptJx975naJ-z4jbS4c.mp4?_nc_cat=101&_nc_sid=5e9851&_nc_ht=scontent-nrt1-2.cdninstagram.com&_nc_ohc=M_js-YOXmeUQ7kNvwGx3o-W&efg=eyJ2ZW5jb2RlX3RhZyI6Inhwdl9wcm9ncmVzc2l2ZS5JTlNUQUdSQU0uQ0xJUFMuQzMuMzYwLmRhc2hfYmFzZWxpbmVfM192MSIsInhwdl9hc3NldF9pZCI6MTc5NDE5MjA5MzYxOTkyNjUsImFzc2V0X2FnZV9kYXlzIjoxNjMsInZpX3VzZWNhc2VfaWQiOjEwMDk5LCJkdXJhdGlvbl9zIjo2LCJ1cmxnZW5fc291cmNlIjoid3d3In0%3D&ccb=17-1&vs=677f527bd585ba43&_nc_vs=HBksFQIYUmlnX3hwdl9yZWVsc19wZXJtYW5lbnRfc3JfcHJvZC82QTRDNzAxNEM5NTgyNDFGQjBENDgxNTI3NjEwODQ5NV92aWRlb19kYXNoaW5pdC5tcDQVAALIARIAFQIYUWlnX3hwdl9wbGFjZW1lbnRfcGVybWFuZW50X3YyLzRCNDdEMzZBRTAwMDgxMkMyOTk5NzMwQzVGQUVCNDlDX2F1ZGlvX2Rhc2hpbml0Lm1wNBUCAsgBEgAoABgAGwKIB3VzZV9vaWwBMRJwcm9ncmVzc2l2ZV9yZWNpcGUBMRUAACbCkez_n4XfPxUCKAJDMywXQBghysCDEm8YEmRhc2hfYmFzZWxpbmVfM192MREAdf4HZeadAQA&_nc_gid=_JO1G1jPZ0Bmf-W5n4CreA&_nc_ss=70a8c&_nc_zt=28&oh=00_AQMffY64op5xFBVNYk6tpoR1KgmL_xzzpO0Kb5Harm3ZhQ&oe=6AC69F62
DXUeZv7iNlw	https://instagram.fbhx4-1.fna.fbcdn.net/o1/v/t2/f2/m86/AQNRUiRpXukgjTaN4lC388EqBn3qxW_vlFGeoTuDH_tuGu8UPZ4mTxOHLsauRTRsWTyclDkcWoyXpZkfEP23keGPcoJXgPOv87n_nwE.mp4?_nc_cat=109&_nc_oc=AdrKfvz-cb3D-fr_7kCNSGEsSCE9fCN_mDhhcdgcBf0TeCacwwNWejR0NFRRtClj8N8&_nc_sid=5e9851&_nc_ht=instagram.fbhx4-1.fna.fbcdn.net&_nc_ohc=EUlOYcSMkRIQ7kNvwEJqhGA&efg=eyJ2ZW5jb2RlX3RhZyI6Inhwdl9wcm9ncmVzc2l2ZS5JTlNUQUdSQU0uQ0xJUFMuQzMuNzIwLmRhc2hfYmFzZWxpbmVfMV92MSIsInhwdl9hc3NldF9pZCI6MTc5NDA5OTIyNjUxOTkyNjUsImFzc2V0X2FnZV9kYXlzIjoxNjksInZpX3VzZWNhc2VfaWQiOjEwMDk5LCJkdXJhdGlvbl9zIjo2LCJ1cmxnZW5fc291cmNlIjoid3d3In0%3D&ccb=17-1&vs=a7fa934f9251f805&_nc_vs=HBksFQIYUmlnX3hwdl9yZWVsc19wZXJtYW5lbnRfc3JfcHJvZC9GMzQ4RjFFREVCRTEzOEZEMTU2OUJBQzE5QzQ4QkE5N192aWRlb19kYXNoaW5pdC5tcDQVAALIARIAFQIYUWlnX3hwdl9wbGFjZW1lbnRfcGVybWFuZW50X3YyLzRENEVCODNCRTAxNUU5NUVDQkNDMUFFNjAxRTc1MkE5X2F1ZGlvX2Rhc2hpbml0Lm1wNBUCAsgBEgAoABgAGwKIB3VzZV9vaWwBMRJwcm9ncmVzc2l2ZV9yZWNpcGUBMRUAACbC-pTumM_ePxUCKAJDMywXQBghysCDEm8YEmRhc2hfYmFzZWxpbmVfMV92MREAdf4HZeadAQA&_nc_gid=N-OiBt0V_8ofAdZ6T1ZF8A&_nc_map=urlgen_bucketless&_nc_zt=28&_nc_ss=70689&oh=00_AQPohauMNQnSSWANJbEh98xuazw4ZCOaKgGV6ZR1aOwmVw&oe=6AC6B3A6
DXjt4l7iPNu	https://instagram.fcuu2-1.fna.fbcdn.net/o1/v/t2/f2/m367/AQMeCBJ2SAqNH3NkjiEtsTQ0O_Ch0gMznaekl3PiJauvv0QqusOBRIo3DAPVYOlXyeXY2uDo18yhBTO2k-ATuMXom4zRN6lZ9MSduIw.mp4?_nc_cat=111&_nc_oc=Adpu3PMN55GBcACQcm2uvskgHUtBM5L1kMZjxuniDtB9Ya-CpuRiSlBRh7juRiQe4Cw&_nc_sid=5e9851&_nc_ht=instagram.fcuu2-1.fna.fbcdn.net&_nc_ohc=8J1Ue32-TVkQ7kNvwEhreIf&efg=eyJ2ZW5jb2RlX3RhZyI6Inhwdl9wcm9ncmVzc2l2ZS5JTlNUQUdSQU0uQ0xJUFMuQzMuNzIwLmRhc2hfYmFzZWxpbmVfMV92MSIsInhwdl9hc3NldF9pZCI6MTc5NDE5MzEzMzQxOTkyNjUsImFzc2V0X2FnZV9kYXlzIjoxNjMsInZpX3VzZWNhc2VfaWQiOjEwMDk5LCJkdXJhdGlvbl9zIjo2LCJ1cmxnZW5fc291cmNlIjoid3d3In0%3D&ccb=17-1&vs=f47b5a5cccfb0477&_nc_vs=HBksFQIYQGlnX2VwaGVtZXJhbC9GMDREMjA3NzRFQ0E1MzFBRTIzOTJFMTYxRjFDMkE5OV92aWRlb19kYXNoaW5pdC5tcDQVAALIARIAFQIYUWlnX3hwdl9wbGFjZW1lbnRfcGVybWFuZW50X3YyLzhFNDEwN0Q5NThBQkZBRjQzQjExNkI3NzIzRkRCRjkyX2F1ZGlvX2Rhc2hpbml0Lm1wNBUCAsgBEgAoABgAGwKIB3VzZV9vaWwBMRJwcm9ncmVzc2l2ZV9yZWNpcGUBMRUAACbCn5O87YXfPxUCKAJDMywXQBghysCDEm8YEmRhc2hfYmFzZWxpbmVfMV92MREAdf4HZeadAQA&_nc_gid=k5pUyAcSyQFL9sfpvPVeJA&_nc_map=urlgen_bucketless&_nc_zt=28&_nc_ss=70689&oh=00_AQNrKQkJWsmN3cwS-QHXmIIRI3bTWJ47kXMkisZMVdIHFg&oe=6ACA7E44
DXeLb6GCBet	https://instagram.fbne3-1.fna.fbcdn.net/o1/v/t2/f2/m367/AQMq49rBB9eBfHkQ6zicyMT8jFiveHioV6QXq8DXZL3nwJCogy0bDWtJs-vaOvyjdKqWFYfzbMBk2s6opEUcyHBbwkMaEjG3dwDTHDs.mp4?_nc_cat=100&_nc_oc=AdrgGdiw3Ws6Evvx-WS-8Ep5nSujgPpvoK2_s7p_e_qjbFIJgHaVWpY_NebbRyy6ecE&_nc_sid=5e9851&_nc_ht=instagram.fbne3-1.fna.fbcdn.net&_nc_ohc=5gQq-ptqjPAQ7kNvwG9gxsK&efg=eyJ2ZW5jb2RlX3RhZyI6Inhwdl9wcm9ncmVzc2l2ZS5JTlNUQUdSQU0uQ0xJUFMuQzMuNzIwLmRhc2hfYmFzZWxpbmVfMV92MSIsInhwdl9hc3NldF9pZCI6MTc5NDE1NzQ4MjkxOTkyNjUsImFzc2V0X2FnZV9kYXlzIjoxNjUsInZpX3VzZWNhc2VfaWQiOjEwMDk5LCJkdXJhdGlvbl9zIjo2LCJ1cmxnZW5fc291cmNlIjoid3d3In0%3D&ccb=17-1&vs=e0eb88a07fe435dd&_nc_vs=HBksFQIYQGlnX2VwaGVtZXJhbC80ODQwNDQ1NjE4ODM3REE5NkI1MTJCMDA2QzVENTU5OF92aWRlb19kYXNoaW5pdC5tcDQVAALIARIAFQIYUWlnX3hwdl9wbGFjZW1lbnRfcGVybWFuZW50X3YyLzFENEEzMjEyRDdBMDRGN0I4REFBOURGNTQ5NkVCRDk4X2F1ZGlvX2Rhc2hpbml0Lm1wNBUCAsgBEgAoABgAGwKIB3VzZV9vaWwBMRJwcm9ncmVzc2l2ZV9yZWNpcGUBMRUAACbCvr6mjfHePxUCKAJDMywXQBghysCDEm8YEmRhc2hfYmFzZWxpbmVfMV92MREAdf4HZeadAQA&_nc_gid=zISvqZgCPgGR0-pmhg2eXA&_nc_ss=70a8c&_nc_map=urlgen_bucketless&_nc_zt=28&_nc_enc=QbYNY7mitrVC54-_z0BQdwcQK_eP9qcpxFTHq3NT3DX0lwl_a-kWaKkYhLCEaNPwmFt3CDU8nQUSX44TFshTmUv5Jajp029M9_Czr4KJk9uQGYQWliVN80f4D8Q&oh=00_AQPRYDvMTy551t89OzKBEiRW7UM6yMMiNrYNb48WKlW3Mw&oe=6ACA9CDD
DXWkeQjCGfG	https://scontent-waw2-1.cdninstagram.com/o1/v/t2/f2/m367/AQOe5OkLlOs8EhHJa5HLS7ufrtCEKVw9ioFir_7Y6CKoHODGgpzLBYKdny99wtfB9HPXfT1CNlvuGMMe8iW-XhJ-9nT30WJGD7df9v8.mp4?_nc_cat=108&_nc_sid=5e9851&_nc_ht=scontent-waw2-1.cdninstagram.com&_nc_ohc=06-o2slWt0kQ7kNvwHTu9CQ&efg=eyJ2ZW5jb2RlX3RhZyI6Inhwdl9wcm9ncmVzc2l2ZS5JTlNUQUdSQU0uQ0xJUFMuQzMuNzIwLmRhc2hfYmFzZWxpbmVfMV92MSIsInhwdl9hc3NldF9pZCI6MTc5NDExMTc1NTcxOTkyNjUsImFzc2V0X2FnZV9kYXlzIjoxNjgsInZpX3VzZWNhc2VfaWQiOjEwMDk5LCJkdXJhdGlvbl9zIjo2LCJ1cmxnZW5fc291cmNlIjoid3d3In0%3D&ccb=17-1&vs=8e649813c4e88599&_nc_vs=HBksFQIYQGlnX2VwaGVtZXJhbC80NTRFMEIyQzVDRDBFOUYwMkNCNTU4MUJFOTg2NUVCQ192aWRlb19kYXNoaW5pdC5tcDQVAALIARIAFQIYUWlnX3hwdl9wbGFjZW1lbnRfcGVybWFuZW50X3YyLzMyNDNFOUQ4REM1NTg2MzUxODJDMUUzNDNFMDAwQUI0X2F1ZGlvX2Rhc2hpbml0Lm1wNBUCAsgBEgAoABgAGwKIB3VzZV9vaWwBMRJwcm9ncmVzc2l2ZV9yZWNpcGUBMRUAACbCxvatvtbePxUCKAJDMywXQBghysCDEm8YEmRhc2hfYmFzZWxpbmVfMV92MREAdf4HZeadAQA&_nc_gid=-ce_8nm1J8VzK8pya7IqLw&_nc_ss=70a8c&_nc_zt=28&oh=00_AQPnFPt80E4id7AHGjyth8KIwO0yO2LpIXerqntyNBk79g&oe=6ACA7D55
DX413KDoL1U	https://scontent-ham3-1.cdninstagram.com/o1/v/t2/f2/m86/AQOCpNK6OutmsbPpUZhWDRAzujIWQWIiS6XAcuN6r6X_cz0cq8VdFDdyURZXeWwXwOx5mb0Um0N-0MQzZ9IHGymyPVWkKgtcPoTmf7Y.mp4?_nc_cat=102&_nc_sid=5e9851&_nc_ht=scontent-ham3-1.cdninstagram.com&_nc_ohc=DSJPHEE9JZMQ7kNvwGSBkIR&efg=eyJ2ZW5jb2RlX3RhZyI6Inhwdl9wcm9ncmVzc2l2ZS5JTlNUQUdSQU0uQ0xJUFMuQzMuNzIwLmRhc2hfYmFzZWxpbmVfMV92MSIsInhwdl9hc3NldF9pZCI6MTE1Nzk3ODYwNjQ0MDQyNCwiYXNzZXRfYWdlX2RheXMiOjE1NSwidmlfdXNlY2FzZV9pZCI6MTAwOTksImR1cmF0aW9uX3MiOjQsInVybGdlbl9zb3VyY2UiOiJ3d3cifQ%3D%3D&ccb=17-1&vs=e5e55b7e9f89cad5&_nc_vs=HBksFQIYUmlnX3hwdl9yZWVsc19wZXJtYW5lbnRfc3JfcHJvZC9EMjQ0RkUwN0Y3OTRFM0M2M0VGQkVCRTVDOURBNUVBNl92aWRlb19kYXNoaW5pdC5tcDQVAALIARIAFQIYUWlnX3hwdl9wbGFjZW1lbnRfcGVybWFuZW50X3YyLzM4NDY3QUI5MjY3MUMwRjQ4QkFCNjY4NTU5RUEwNUJBX2F1ZGlvX2Rhc2hpbml0Lm1wNBUCAsgBEgAoABgAGwKIB3VzZV9vaWwBMRJwcm9ncmVzc2l2ZV9yZWNpcGUBMRUAACbQv_T3nMuOBBUCKAJDMywXQBAAAAAAAAAYEmRhc2hfYmFzZWxpbmVfMV92MREAdf4HZeadAQA&_nc_gid=n_hcG2zuhg3y2TisJP7EVA&_nc_ss=73a8c&_nc_zt=28&oh=00_AQNKojlyXNDmwbPdKLtRP7LcFv4blntTVj8ZrRj6wh-plw&oe=6AC6B6DF
DXZVBkFCIbq	https://scontent-mxp1-1.cdninstagram.com/o1/v/t2/f2/m367/AQO3IW1PJTy2kYI77q_zF_hRq8dcybBrpU7MYNCR86l5NKbiw1bFXO1OyM-d4q0ZEF9Q3KpIvQ50bRTuVK_fbwqrAH3x8I94jnmGRHA.mp4?_nc_cat=108&_nc_sid=5e9851&_nc_ht=scontent-mxp1-1.cdninstagram.com&_nc_ohc=WOXXFgzLdjEQ7kNvwGfbejP&efg=eyJ2ZW5jb2RlX3RhZyI6Inhwdl9wcm9ncmVzc2l2ZS5JTlNUQUdSQU0uQ0xJUFMuQzMuNzIwLmRhc2hfYmFzZWxpbmVfMV92MSIsInhwdl9hc3NldF9pZCI6MTc5NDEyNzY0NjQxOTkyNjUsImFzc2V0X2FnZV9kYXlzIjoxNjcsInZpX3VzZWNhc2VfaWQiOjEwMDk5LCJkdXJhdGlvbl9zIjo2LCJ1cmxnZW5fc291cmNlIjoid3d3In0%3D&ccb=17-1&vs=d3e1893da56631b3&_nc_vs=HBksFQIYQGlnX2VwaGVtZXJhbC84MkE0ODcyNTlFNjk0QTZBOEUwRTJBMEI2RTkyQzAyMV92aWRlb19kYXNoaW5pdC5tcDQVAALIARIAFQIYUWlnX3hwdl9wbGFjZW1lbnRfcGVybWFuZW50X3YyL0ZGNDE5OTY1NUYzMEEwQURDMjBEOUQ4NDNDN0IwMTlCX2F1ZGlvX2Rhc2hpbml0Lm1wNBUCAsgBEgAoABgAGwKIB3VzZV9vaWwBMRJwcm9ncmVzc2l2ZV9yZWNpcGUBMRUAACbC2bmn3t_ePxUCKAJDMywXQBghysCDEm8YEmRhc2hfYmFzZWxpbmVfMV92MREAdf4HZeadAQA&_nc_gid=Put9470bRkoydAyLcrN-JA&_nc_ss=70689&_nc_zt=28&oh=00_AQOP9W_xYhXfFdLl59HBPzp5v57FOEfuqaseYuR6R_u4Rg&oe=6ACA9E69
DV4IlV4iIUx	https://instagram.fwaw9-1.fna.fbcdn.net/o1/v/t2/f2/m86/AQPGHQvjxAMFgTRRZVc0kl5TFmuJODIR8JjNunPSOtDO0S-v30beZ7q7VNX_j3SvgYZSjrEkxlD5jdi9PnJwhpw.mp4?_nc_cat=101&_nc_oc=Adp8Fmr7WnbMzhE365ZdtsK2B2losQMeYEAKIGorVNJtW7U3yUOh1aDcmKmJa5mYV2o&_nc_sid=5e9851&_nc_ht=instagram.fwaw9-1.fna.fbcdn.net&_nc_ohc=_N1n_gelW-EQ7kNvwEzUc1I&efg=eyJ2ZW5jb2RlX3RhZyI6Inhwdl9wcm9ncmVzc2l2ZS5JTlNUQUdSQU0uQ0xJUFMuQzMuMzYwLmRhc2hfYmFzZWxpbmVfM192MSIsInhwdl9hc3NldF9pZCI6MTc5MzU1OTAxNTAxOTkyNjUsImFzc2V0X2FnZV9kYXlzIjoyMDUsInZpX3VzZWNhc2VfaWQiOjEwMDk5LCJkdXJhdGlvbl9zIjo2LCJ1cmxnZW5fc291cmNlIjoid3d3In0%3D&ccb=17-1&vs=3ccfc160aa718ccf&_nc_vs=HBksFQIYRmlnX3hwdl9yZWVsc19wZXJtYW5lbnRfc3JfcHJvZC85MDA0MTg0OTI5MTE2NDZfMjc5OTI3MDcwNDQ1NzEwMjU0MS5tcDQVAALIARIAFQIYUWlnX3hwdl9wbGFjZW1lbnRfcGVybWFuZW50X3YyLzg3NDdDNDhGQThBNzMyNTg5MTREODcxREEyMTkwRUI0X2F1ZGlvX2Rhc2hpbml0Lm1wNBUCAsgBEgAoABgAGwKIB3VzZV9vaWwBMRJwcm9ncmVzc2l2ZV9yZWNpcGUBMRUAACbC3-r735TcPxUCKAJDMywXQBgAAAAAAAAYEmRhc2hfYmFzZWxpbmVfM192MREAdf4HZeadAQA&_nc_gid=0P0NUu1XHjCCUd8A466luw&_nc_ss=70a8c&_nc_map=urlgen_bucketless&_nc_zt=28&oh=00_AQN1wFzdAlVfgjTa4fDmwtu_0k-YKC7xZo2SHA59EILgew&oe=6AC6B29B
DX1_HI2oBbr	https://instagram.fykz1-1.fna.fbcdn.net/o1/v/t2/f2/m86/AQMu8FJEGqUAYPIZTEGNtpAjfEa7TgCR3TeQB3mxg-Jtb-rgE0wmIuS60SZL8eYu32WyAwPyIWZ00o-qQ089KYDVxu6f9o8J--AMlaY.mp4?_nc_cat=101&_nc_oc=Adp8-XIN1AitiLSshG4SSDAoGYSgYqoOsxWn8pb1lpMUGStL5-ednC3EF1tjKa-CN-nKRSTYnDXEdd6Wn1IL55gp&_nc_sid=5e9851&_nc_ht=instagram.fykz1-1.fna.fbcdn.net&_nc_ohc=0zM4m3M8RykQ7kNvwE-5gV2&efg=eyJ2ZW5jb2RlX3RhZyI6Inhwdl9wcm9ncmVzc2l2ZS5JTlNUQUdSQU0uQ0xJUFMuQzMuNzIwLmRhc2hfYmFzZWxpbmVfMV92MSIsInhwdl9hc3NldF9pZCI6MTcwMjIyMzU5NDE0OTcyNCwiYXNzZXRfYWdlX2RheXMiOjE1NiwidmlfdXNlY2FzZV9pZCI6MTAwOTksImR1cmF0aW9uX3MiOjQsInVybGdlbl9zb3VyY2UiOiJ3d3cifQ%3D%3D&ccb=17-1&vs=77fefa98230ec46e&_nc_vs=HBksFQIYUmlnX3hwdl9yZWVsc19wZXJtYW5lbnRfc3JfcHJvZC9BRDRFMThCMTkzQUNDRTYzQzVEOEQ5RkE2QkZCM0RCNl92aWRlb19kYXNoaW5pdC5tcDQVAALIARIAFQIYUWlnX3hwdl9wbGFjZW1lbnRfcGVybWFuZW50X3YyL0RFNEZBODQ2MTVBMkFGQzNEMEFFQTZFMzRDMjE0QzhGX2F1ZGlvX2Rhc2hpbml0Lm1wNBUCAsgBEgAoABgAGwKIB3VzZV9vaWwBMRJwcm9ncmVzc2l2ZV9yZWNpcGUBMRUAACa43cKKuoqGBhUCKAJDMywXQBAAAAAAAAAYEmRhc2hfYmFzZWxpbmVfMV92MREAdf4HZeadAQA&_nc_gid=PlLgiLD7gGP1ABo2IkyhSg&_nc_ss=70a8c&_nc_map=urlgen_bucketless&_nc_zt=28&oh=00_AQPOk6kNE4P78QrE2-xB26cEYQ2t_jT2FMeaiG58323GHQ&oe=6AC69CDE
DXfAvgVCNtg	https://instagram.fmel5-1.fna.fbcdn.net/o1/v/t2/f2/m86/AQOoma_2_30XjYPSwz8Hw_BBXkqU1fxKUjrn5YrusM6aOmFvdR44LLHi2z6O5pq00fP3gXpY9E30aIr6OJLRnBJjFhBcKVd5RkHeuX4.mp4?_nc_cat=105&_nc_oc=AdrygUap1VdU2OPwdy2F4VBZVypeCC3jLjhEyt20FqtDtmrotPfI8VYT0VyNAzxKopQ&_nc_sid=5e9851&_nc_ht=instagram.fmel5-1.fna.fbcdn.net&_nc_ohc=qZqddGD4Ul0Q7kNvwH7vQLw&efg=eyJ2ZW5jb2RlX3RhZyI6Inhwdl9wcm9ncmVzc2l2ZS5JTlNUQUdSQU0uQ0xJUFMuQzMuMzYwLmRhc2hfYmFzZWxpbmVfM192MSIsInhwdl9hc3NldF9pZCI6MTc5NDE2NDY1MDUxOTkyNjUsImFzc2V0X2FnZV9kYXlzIjoxNjUsInZpX3VzZWNhc2VfaWQiOjEwMDk5LCJkdXJhdGlvbl9zIjo2LCJ1cmxnZW5fc291cmNlIjoid3d3In0%3D&ccb=17-1&vs=a55d46d3001197b7&_nc_vs=HBksFQIYUmlnX3hwdl9yZWVsc19wZXJtYW5lbnRfc3JfcHJvZC9BMTQ0MzUyQjgyRTA5ODE1QzI1NDAzNkU2Q0ZCMTlCRl92aWRlb19kYXNoaW5pdC5tcDQVAALIARIAFQIYUWlnX3hwdl9wbGFjZW1lbnRfcGVybWFuZW50X3YyL0JENERDMUU2QkJFM0JCQThBNjY5QjkxNjVGQTYzN0IwX2F1ZGlvX2Rhc2hpbml0Lm1wNBUCAsgBEgAoABgAGwKIB3VzZV9vaWwBMRJwcm9ncmVzc2l2ZV9yZWNpcGUBMRUAACbCmoaqo_XePxUCKAJDMywXQBghysCDEm8YEmRhc2hfYmFzZWxpbmVfM192MREAdf4HZeadAQA&_nc_gid=U5PAGJ1U5LjsYItz52i9UA&_nc_ss=70689&_nc_map=urlgen_bucketless&_nc_zt=28&_nc_enc=QfPBYoQpOe6WYvcCb3jRkW8T9FSCgalKeBvNAOPAMqIyC7oL1_-vi7n0tlWfqIF6pwIkINqdzWRE9ZJX-YO2I5m9ks9AryLJei-kA90RbmRh5I70Un9-9w85DIg&oh=00_AQMe8H7aL2vlPL068wqGglzWnj3bfMsTlMQj1EC6Ku2dPw&oe=6AC6BA52
DYFVRoiIMPF	https://scontent-mrs2-3.cdninstagram.com/o1/v/t2/f2/m86/AQMnGzVHJXzRnCpxeeUBDB8a1phqHwaY8616tBD8g2wtLJKdikDjoFwovlJtp2UF5i41CD2s6Ro2H2UPdYfPhn5spzpV_xjwTl71N7I.mp4?_nc_cat=111&_nc_sid=5e9851&_nc_ht=scontent-mrs2-3.cdninstagram.com&_nc_ohc=e94S-fiPK3AQ7kNvwFhblVl&efg=eyJ2ZW5jb2RlX3RhZyI6Inhwdl9wcm9ncmVzc2l2ZS5JTlNUQUdSQU0uQ0xJUFMuQzMuNzIwLmRhc2hfYmFzZWxpbmVfMV92MSIsInhwdl9hc3NldF9pZCI6ODQwOTU5NDUyMzg5OTE5LCJhc3NldF9hZ2VfZGF5cyI6MTUwLCJ2aV91c2VjYXNlX2lkIjoxMDA5OSwiZHVyYXRpb25fcyI6NCwidXJsZ2VuX3NvdXJjZSI6Ind3dyJ9&ccb=17-1&vs=8b764a351c33c3b6&_nc_vs=HBksFQIYUmlnX3hwdl9yZWVsc19wZXJtYW5lbnRfc3JfcHJvZC9CRTRCM0YzQkMyREUzN0UwQjRDMjVBQjU0RDk0QkY4N192aWRlb19kYXNoaW5pdC5tcDQVAALIARIAFQIYUWlnX3hwdl9wbGFjZW1lbnRfcGVybWFuZW50X3YyLzcwNDhFMTZEQTJEMTBCQUU1NTYzQUFFNTNBQjhERjhCX2F1ZGlvX2Rhc2hpbml0Lm1wNBUCAsgBEgAoABgAGwKIB3VzZV9vaWwBMRJwcm9ncmVzc2l2ZV9yZWNpcGUBMRUAACa-iPGWpLb-AhUCKAJDMywXQBAAAAAAAAAYEmRhc2hfYmFzZWxpbmVfMV92MREAdf4HZeadAQA&_nc_gid=hCRCTz5F792n8g1rCFjLFA&_nc_ss=70689&_nc_zt=28&oh=00_AQPl8SCLGNY2XyYTm8fJ5Z5hxEr1G_nC7y2Iuv4dJGy8Cg&oe=6AC6B8C8
DV73OOdCIiP	https://scontent-cdg4-1.cdninstagram.com/o1/v/t2/f2/m367/AQORvYYHbf_aQfP2funIdwXm1goEAPa-hx-ZOQiXyAFlMPz1pZXTWM4CtO1hFdxs4knMELKPaDzTtPbobc6FvQh1L76asmYH8RFR-no.mp4?_nc_cat=108&_nc_sid=5e9851&_nc_ht=scontent-cdg4-1.cdninstagram.com&_nc_ohc=7MpI8rElOPsQ7kNvwFbuIei&efg=eyJ2ZW5jb2RlX3RhZyI6Inhwdl9wcm9ncmVzc2l2ZS5JTlNUQUdSQU0uQ0xJUFMuQzMuNzIwLmRhc2hfYmFzZWxpbmVfMV92MSIsInhwdl9hc3NldF9pZCI6MTc5MzU3ODg5MDkxOTkyNjUsImFzc2V0X2FnZV9kYXlzIjoyMDQsInZpX3VzZWNhc2VfaWQiOjEwMDk5LCJkdXJhdGlvbl9zIjo2LCJ1cmxnZW5fc291cmNlIjoid3d3In0%3D&ccb=17-1&vs=f68892800a67f21a&_nc_vs=HBksFQIYQGlnX2VwaGVtZXJhbC82RTRGMDc0NTRCRUIzQTlCQzM4Qjg2RDUyQjc0QkE4OV92aWRlb19kYXNoaW5pdC5tcDQVAALIARIAFQIYUWlnX3hwdl9wbGFjZW1lbnRfcGVybWFuZW50X3YyLzEzNENDNDQwRUYwMTJDMkRDRjU4RkI1MzY0NUY3N0I1X2F1ZGlvX2Rhc2hpbml0Lm1wNBUCAsgBEgAoABgAGwKIB3VzZV9vaWwBMRJwcm9ncmVzc2l2ZV9yZWNpcGUBMRUAACbC_pfrqKDcPxUCKAJDMywXQBgAAAAAAAAYEmRhc2hfYmFzZWxpbmVfMV92MREAdf4HZeadAQA&_nc_gid=o6cReP0TInkeUV_lDCR33w&_nc_zt=28&_nc_ss=70a8c&oh=00_AQOe2cl7SxgLtfaPdPLmnfwYujALWCRcNiQuwuMg66h1aQ&oe=6ACA9699
DXUdWptCLe_	https://scontent-ssn1-1.cdninstagram.com/o1/v/t2/f2/m86/AQMjyhNnUxim_Mot6-Q3tDFVHymDlhPI2x1SjEZAYB9Ng2kc-N7SMnekPn4ANPwSYXu3hD6taXunFpG90_Yy_wA7nO8CN8RyKwx5ofY.mp4?_nc_cat=107&_nc_sid=5e9851&_nc_ht=scontent-ssn1-1.cdninstagram.com&_nc_ohc=1Edzlq2OydYQ7kNvwG9B1zt&efg=eyJ2ZW5jb2RlX3RhZyI6Inhwdl9wcm9ncmVzc2l2ZS5JTlNUQUdSQU0uQ0xJUFMuQzMuMzYwLmRhc2hfYmFzZWxpbmVfM192MSIsInhwdl9hc3NldF9pZCI6MTc5NDA5OTAyOTcxOTkyNjUsImFzc2V0X2FnZV9kYXlzIjoxNjksInZpX3VzZWNhc2VfaWQiOjEwMDk5LCJkdXJhdGlvbl9zIjo2LCJ1cmxnZW5fc291cmNlIjoid3d3In0%3D&ccb=17-1&vs=7e34a20610566034&_nc_vs=HBksFQIYUmlnX3hwdl9yZWVsc19wZXJtYW5lbnRfc3JfcHJvZC84QjQ3QzUzNDhBRENFRTMwQkJBOENDQ0UwMzYxQjY4QV92aWRlb19kYXNoaW5pdC5tcDQVAALIARIAFQIYUWlnX3hwdl9wbGFjZW1lbnRfcGVybWFuZW50X3YyLzZCNDc3OTgyNUEzNzYyRjE1RTk0NkY0OTY5M0JBOTg1X2F1ZGlvX2Rhc2hpbml0Lm1wNBUCAsgBEgAoABgAGwKIB3VzZV9vaWwBMRJwcm9ncmVzc2l2ZV9yZWNpcGUBMRUAACbCyqqZis_ePxUCKAJDMywXQBghysCDEm8YEmRhc2hfYmFzZWxpbmVfM192MREAdf4HZeadAQA&_nc_gid=G8BrQ3MyuH1uRstcJZvALg&_nc_ss=70689&_nc_zt=28&oh=00_AQPDq-2eYHna6Lby30CYCFB9AaQEWw3z5bfng-pkQCT9hA&oe=6AC69030
DXT1l9YiLth	https://scontent-ber1-1.cdninstagram.com/o1/v/t2/f2/m86/AQOiYpIapLbER2vozU6_dazaxkMl2BvqycsF2qT6iB9lAyrabI8RV2FL6CjGcEc_Xwl3OrHBIkh23bn5MhEBKc4xc9WfoHVXbR0T8s4.mp4?_nc_cat=108&_nc_sid=5e9851&_nc_ht=scontent-ber1-1.cdninstagram.com&_nc_ohc=mUgElPPukFIQ7kNvwHgpbQN&efg=eyJ2ZW5jb2RlX3RhZyI6Inhwdl9wcm9ncmVzc2l2ZS5JTlNUQUdSQU0uQ0xJUFMuQzMuMzYwLmRhc2hfYmFzZWxpbmVfM192MSIsInhwdl9hc3NldF9pZCI6MTc5NDA5NDczNjQxOTkyNjUsImFzc2V0X2FnZV9kYXlzIjoxNjksInZpX3VzZWNhc2VfaWQiOjEwMDk5LCJkdXJhdGlvbl9zIjo2LCJ1cmxnZW5fc291cmNlIjoid3d3In0%3D&ccb=17-1&vs=fdf1e1d31399cb53&_nc_vs=HBksFQIYUmlnX3hwdl9yZWVsc19wZXJtYW5lbnRfc3JfcHJvZC8wNzQwRTU5RTY5MkY4QzRBNkUzNjJBMDc2ODM0NjdCRF92aWRlb19kYXNoaW5pdC5tcDQVAALIARIAFQIYUWlnX3hwdl9wbGFjZW1lbnRfcGVybWFuZW50X3YyLzU5NDlGNjFCNEY2Q0NGMzczNEI5MTQxRUYxRUEzNkJBX2F1ZGlvX2Rhc2hpbml0Lm1wNBUCAsgBEgAoABgAGwKIB3VzZV9vaWwBMRJwcm9ncmVzc2l2ZV9yZWNpcGUBMRUAACbC7Z2pyszePxUCKAJDMywXQBghysCDEm8YEmRhc2hfYmFzZWxpbmVfM192MREAdf4HZeadAQA&_nc_gid=jcXC6mGYRr6AiIUbvXvazQ&_nc_zt=28&_nc_ss=70a8c&oh=00_AQPqVurtoHMS3VGPi0mM8NheBTwpp1rtg8sPuRMw_jLujA&oe=6AC6A1D9
DXbPL4DCF8l	https://instagram.fyxd2-1.fna.fbcdn.net/o1/v/t2/f2/m367/AQMdGfVPuLH8snVVstgC1tsFFQaSWI3uC995wPGmF8PXOx7Q98g70ok3f6Ox66JjuBXCeYX00MOetvu2gU99yYxb_OGMMJAIPoo9544.mp4?_nc_cat=105&_nc_oc=AdqWJX4DwH4_KUxo1Xelh5qKHeRoxDBPaSMtbJsoeMdjF4XgFOvDPVzNBpB3K2yOdfE&_nc_sid=5e9851&_nc_ht=instagram.fyxd2-1.fna.fbcdn.net&_nc_ohc=7GIqpoBkta4Q7kNvwGu7HAb&efg=eyJ2ZW5jb2RlX3RhZyI6Inhwdl9wcm9ncmVzc2l2ZS5JTlNUQUdSQU0uQ0xJUFMuQzMuNzIwLmRhc2hfYmFzZWxpbmVfMV92MSIsInhwdl9hc3NldF9pZCI6MTc5NDEzODkyMTMxOTkyNjUsImFzc2V0X2FnZV9kYXlzIjoxNjcsInZpX3VzZWNhc2VfaWQiOjEwMDk5LCJkdXJhdGlvbl9zIjo2LCJ1cmxnZW5fc291cmNlIjoid3d3In0%3D&ccb=17-1&vs=ecab2267588a936b&_nc_vs=HBksFQIYQGlnX2VwaGVtZXJhbC9CRTRCNTlDMDY3RkQzMDYxRDJFOTA3OUU0QjYyMDNCMF92aWRlb19kYXNoaW5pdC5tcDQVAALIARIAFQIYUWlnX3hwdl9wbGFjZW1lbnRfcGVybWFuZW50X3YyLzM3NENCMjNEQTA4MkU4QzFFRUJGNkU5N0I0OUY5MDgzX2F1ZGlvX2Rhc2hpbml0Lm1wNBUCAsgBEgAoABgAGwKIB3VzZV9vaWwBMRJwcm9ncmVzc2l2ZV9yZWNpcGUBMRUAACbCrqOtpubePxUCKAJDMywXQBhDlYEGJN0YEmRhc2hfYmFzZWxpbmVfMV92MREAdf4HZeadAQA&_nc_gid=KdJjCUC_-sly8bOaOlZ7kA&_nc_ss=70a8c&_nc_map=urlgen_bucketless&_nc_zt=28&oh=00_AQMlUOF7e6CfdhkFy2ORcma7LmpqixTgdiM3dMf74rVxig&oe=6ACA888E
